music_id,instrument
4197961,Piano
3291706,Piano
1019991,Piano
33816,Piano
58553,Piano
4383881,Piano
4766391,Piano
4217351,Piano
1749181,Piano
1421196,Piano
55352,Piano
5682727,Piano
1352796,Piano
1463381,Piano
5619808,Piano
33715,Piano
3022181,Piano
4680761,Piano
1798726,Piano
2163051,Piano
142975,Piano
4455576,Piano
65159,Piano
1871671,Piano
1993341,Piano
117279,Piano
3854486,Piano
3387831,Piano
5444126,Piano
2441471,Piano
49143,Piano
3493496,Piano
2377386,Piano
64978,Piano
106022,Piano
162108,Piano
1273736,Piano
4369656,Piano
3332996,Piano
5960975,Piano
3062416,Piano
5112198,Piano
715646,Piano
55396,Piano
8668713,Piano
4836661,Piano
65474,Piano
5949862,Piano
4241731,Piano
5766205,Piano
66615,Piano
6605114,Piano
1716371,Piano
5185173,Piano
5963258,Piano
3569956,Violin
5297193,Piano
5418894,Piano
4131536,Piano
5739597,Piano
429546,Piano
4497696,Piano
2601926,Piano
1026276,Piano
105013,Violin
2899321,Piano
132879,Piano
2221711,Piano
1694686,Piano
5522509,Piano
3896061,Piano
5903735,Piano
4962477,Piano
3556616,Piano
828956,Piano
7056120,Piano
62312,Piano
7835876,Piano
6841317,Piano
166951,Piano
145724,Piano
7347764,Piano
5542297,Piano
6134810,Piano
128179,Piano
3722131,Piano
6340178,Piano
3192441,Piano
5128232,Piano
6530919,Piano
2275496,Piano
4598051,Piano
6436065,Piano
6583881,Piano
4992158,Piano
116486,Violin
4410481,Piano
4913846,Piano
4982298,Piano
8457389,Piano
6492030,Piano
4886992,Piano
6666680,Piano
1376056,Piano
2452631,Piano
1512901,Piano
6550228,Piano
7822463,Piano
1686751,Piano
5360095,Piano
77131,Piano
5964065,Piano
6262653,Piano
55375,Piano
1225766,Piano
5223326,Piano
7065357,Piano
3044996,Piano
2357801,Trumpet in b-flat
5879028,Piano
77075,Piano
6088047,Piano
4003556,Piano
77457,Piano
2086106,Piano
4776321,Piano
6636450,Piano
4426976,Piano
152043,Piano
5344826,Piano
5744620,Piano
4845468,Piano
4584986,Piano
5582243,Violin
1460091,Piano
5435873,Piano
4880846,Piano
2260706,Piano
5369968,Piano
529126,Piano
4921331,Piano
1029831,Piano
3491126,Piano
2100881,Piano
980686,Piano
2782256,Piano
3827366,Piano
1921391,Piano
4353731,Piano
5889760,Piano
3778271,Violin
557466,Violin
4267906,Piano
437,Piano
3579721,Piano
1131706,Piano
2182146,Piano
3196536,Piano
1327981,Piano
3324836,Piano
3805681,Piano
5290059,Piano
4844066,Violin
4217151,Piano
5282628,Piano
5913839,Piano
49148,Piano
5926837,Piano
5207060,Piano
5920093,Piano
8910036,Piano
5903275,Flute
4114251,Piano
5616440,Piano
2271746,Piano
492881,Piano
6007087,Piano
3252906,Piano
6106322,Piano
1156331,Piano
2773171,Piano
5653788,Piano
1547071,Piano
3708926,Piano
2232771,Piano
6610590,Piano
5094199,Piano
10437058,Piano
3164576,Piano
4077861,Piano
49217,Piano
169484,Piano
63256,Piano
1321576,Piano
5980505,Alto
227966,Piano
5046056,Piano
1748006,Piano
539,Piano
4883794,Violin
6877230,Piano
5165336,Piano
2970876,Piano
4879546,Saxophone alto
5642503,Piano
6189429,Piano
6375843,Piano
4127521,Piano
2101171,Piano
6412777,Piano
2075346,Piano
2818506,Saxophone tenor
54431,Piano
769686,Piano
3198331,Piano
4097211,Piano
163968,Piano
5019739,Piano
2076226,Piano
210606,Piano
6460120,Piano
2534656,Flute
950701,Piano
5154865,Guitar
89127,Cello
49154,Piano
1036236,Piano
4312326,Violin
5172780,Piano
3714306,Piano
6296866,Piano
2049321,Piano
4900443,Piano
729506,Violin
6500880,Piano
4367316,Flute
4901201,Piano
683071,Piano
4907304,Piano
979316,Piano
4898783,Piano
3300496,Piano
6883280,Trombone
4886418,Piano
40133,Piano
1981941,Violin
5980854,Piano
5552319,Trombone
4939446,Piano
4808879,Violin
5480313,Piano
3300271,Violin
5520783,Piano
45159,Piano
5547535,Piano
3140711,Piano
4157506,Piano
5463306,Piano
154629,Piano
73075,Piano
1937,Piano
2967251,Piano
5082403,Piano
4735816,Piano
1218841,Piano
6863375,Piano
3476921,Piano
4369966,Piano
5670629,Violin
2431571,Piano
135805,Violin
5178145,Piano
5028773,Piano
3755466,Piano
5044925,Piano
5306782,Piano
671721,Piano
5469107,Piano
4814038,Piano
5105405,Piano
1291731,Piano
6554653,Piano
2548591,Piano
5276791,Piano
6086163,Piano
1660916,Flute
5351123,Saxophone alto
2912641,Piano
5601488,Piano
6442367,Piano
2665176,Piano
1482661,Piano
5926797,Piano
6893108,Piano
4833851,Piano
5516898,Flute
5898202,Piano
3931016,Piano
3197666,Piano
880516,Piano
5143927,Clarinet in b-flat
5080953,Piano
6420336,Piano
1285421,Piano
4199371,Violin
6135194,Piano
4474306,Piano
1352881,Piano
3798956,Piano
4543626,Piano
4839139,Piano
2379221,Piano
2635411,Piano
5493339,Piano
4442471,Piano
2497626,Piano
2884236,Piano
5058635,Piano
2086136,Piano
2978006,Piano
5324719,Piano
8775498,Piano
2186456,Piano
4490386,Piano
38133,Piano
6037918,Piano
2462606,Piano
3537686,Piano
6073049,Piano
4878940,Trumpet in b-flat
2690691,Piano
3571656,Cello
2978961,Piano
6109689,Piano
5096471,Piano
3589006,Piano
4856908,Piano
4845387,Piano
51866,Piano
174214,Piano
4433561,Piano
2782101,Piano
5674977,Piano
1508976,Piano
8205026,Piano
4982412,Piano
1263241,Piano
7696946,Piano
4853908,Piano
2967706,Piano
6555384,Piano
2603136,Guitar
5495876,Violin
6257744,Piano
6667474,Piano
2945846,Piano
5512876,Piano
4347986,Violin
4438966,Piano
5497268,Piano
4034481,Piano
4802676,Piano
4411791,Piano
4834474,Piano
2925516,Trumpet in b-flat
8247584,Piano
3957616,Piano
5600079,Piano
3414396,Violin
5667313,Piano
1194906,Piano
2655216,Violin
5875316,Piano
6504022,Piano
5902660,Piano
5963738,Piano
6329238,Piano
7017953,Piano
5636285,Piano
6862818,Piano
2946361,Piano
285066,Piano
4227701,Piano
4941073,Piano
61042,Piano
2991836,Piano
5497309,Piano
6098495,Piano
1470191,Piano
5650521,Piano
3726741,Piano
5022717,Piano
4393326,Violin
5556114,Trombone
5062047,Piano
5251002,Trumpet in b-flat
5033471,Violin
5611985,Piano
1980426,Piano
196941,Piano
5586316,Piano
2025321,Piano
510866,Piano
889281,Piano
7846796,Piano
5620966,Piano
2910246,Piano
5485466,Piano
1764216,Piano
2052071,Piano
698281,Flute
2829541,Flute
1086966,Piano
5157940,Piano
5648851,Piano
1694681,Piano
2823896,Piano
66614,Piano
3808506,Piano
6558218,Piano
4235326,Piano
5210449,Piano
4650781,Piano
53267,Piano
2477361,Piano
440201,Piano
6653233,Piano
9148968,Piano
842496,Flute
5273840,Piano
6209292,Piano
2158896,Piano
1543021,Piano
161958,Piano
1342436,Piano
3992921,Piano
4526,Piano
5989965,Piano
6212539,Piano
6399446,Piano
180473,Piano
6519100,Timpani
3152251,Piano
2776456,Piano
5961741,Piano
4891567,Piano
6399719,Piano
1634656,Piano
6302205,Piano
5336325,Guitar
4058601,Violin
4854023,Piano
5657703,Piano
166268,Piano
5190964,Piano
49144,Piano
7867676,Piano
5285384,Piano
4801654,Piano
5278950,Piano
977681,Piano
6226102,Piano
5879874,Piano
3188581,Piano
900171,Piano
4611481,Piano
2596971,Flute
6428861,Piano
5958295,Piano
6383587,Piano
55680,Organ
114689,Piano
5490570,Piano
5871238,Piano
53288,Piano
120954,Piano
7113354,Piano
4857783,Piano
2221661,Violin
6104468,Piano
5912674,Piano
5216043,Piano
5242767,Piano
2127731,Piano
1261376,Piano
6679720,Piano
4125381,Piano
2992146,Piano
6412917,Piano
5336915,Saxophone alto
162083,Bassoon
60121,Piano
296446,Piano
3482756,Piano
4295481,Piano
5219357,Piano
5498538,Piano
1870176,Trombone
937671,Trumpet in b-flat
55868,Piano
3924896,Piano
188935,Piano
5294675,Piano
2990841,Violin
833771,Piano
5907496,Piano
5469614,Piano
4283331,Piano
3057501,Piano
520771,Piano
1640691,Cello
2208321,Piano
6377259,Piano
8050848,Piano
50012,Piano
4873134,Piano
7108460,Piano
2014001,Piano
6639915,Piano
6092548,Piano
7804454,Piano
245746,Piano
5898928,Piano
4743256,Piano
7564499,Piano
780391,Piano
1131666,Piano
3578656,Piano
2823556,Soprano
7372826,Piano
4986642,Piano
6709439,Piano
285356,Piano
3084461,Piano
5065614,Piano
5935427,Piano
430481,Saxophone alto
5259804,Piano
6063815,Piano
2785851,Flute
2796891,Piano
5678972,Piano
4820621,Piano
1128841,Piano
5033614,Piano
54474,Piano
2970206,Piano
8548844,Piano
4583706,Piano
6391301,Piano
48720,Piano
5625485,Piano
5156006,Piano
4824926,Piano
5596771,Piano
3702011,Piano
6063362,Piano
6142311,Piano
5299895,Saxophone alto
1064336,Piano
2581141,Synthesizer
5881295,Piano
3833481,Piano
105780,Piano
6862109,Saxophone alto
2201581,Piano
5134477,Flute
1882451,Piano
4966773,Piano
2652266,Piano
5179108,Piano
5889290,Piano
1740676,Piano
7053683,Piano
6710478,Piano
4253161,Piano
2265906,Piano
1424621,Piano
5394198,Piano
3024,Piano
5173190,Piano
5180264,Piano
6104414,Piano
6804809,Piano
1920636,Piano
5093787,Piano
8227442,Piano
182061,Piano
3049456,Piano
2242161,Piano
4892542,Piano
3724876,Flute
5933450,Piano
3026341,Piano
6343745,Piano
2440831,Piano
3974821,Piano
1525331,Piano
6643957,Piano
5684364,Piano
6478995,Piano
4881673,Piano
6547086,Piano
5137595,Cello
3278571,Piano
3959431,Piano
4841292,Piano
5099605,Piano
167520,Piano
2568281,Piano
5878699,Piano
863271,Piano
5580213,Piano
7724567,Piano
3173891,Piano
3425751,Piano
1640436,Cello
5396728,Piano
2774966,SATB
5880912,Piano
6305190,Piano
5870660,Piano
2110696,Violin
4380126,Piano
5366398,Piano
74063,Flute
4907185,Piano
4083661,Piano
5038709,Piano
5582818,Piano
1580041,Piano
2381696,Piano
5274100,Piano
5481040,Organ
3991421,Piano
6814798,Piano
6425882,Piano
8161956,Piano
5342363,Piano
143392,Piano
1143056,Piano
1217746,Piano
5534137,Piano
5908000,Piano
5276295,Piano
5351473,Piano
5624801,Piano
4835229,Piano
2362651,Piano
5281944,Violin
1448636,Piano
1167181,Violin
4868890,Piano
7239264,Piano
1307356,Piano
4909787,Piano
5122742,Piano
6111199,Piano
5164814,Piano
952776,Piano
6460260,Piano
5258245,Piano
5592161,Piano
3630161,Piano
5073285,Piano
5614393,Piano
5155104,Piano
3467186,Piano
6691198,Piano
6113614,Piano
6046747,Piano
6425478,Piano
3778376,Piano
1650841,Piano
520051,Piano
5667702,Piano
4340116,Piano
4406316,Piano
2977591,Piano
1110826,Piano
5139838,Piano
4310241,Violin
4321791,Piano
3140586,Violin
3969046,Piano
151348,Piano
4804453,Piano
5754250,Piano
5968794,Piano
1850251,Piano
5143992,Piano
4609406,Guitar
6277044,Piano
1913,Piano
5368206,Piano
4107866,Piano
5367872,Piano
3168706,Piano
144440,Piano
6224372,Piano
6410187,Piano
4747936,Piano
6462313,Piano
8259416,Piano
5175334,Piano
6264867,Piano
3789281,Piano
5963930,Piano
3505076,Piano
5025093,Piano
4690976,Piano
711791,Piano
1435971,Piano
651091,Piano
2205116,Piano
5837604,Piano
4918059,Piano
5139422,Piano
2807521,Piano
5661551,Piano
5799378,Piano
6250966,Piano
2806766,Trombone
2943256,Piano
2207011,Saxophone alto
5155238,Piano
3560431,Piano
5392815,Violin
6921043,Piano
906416,Piano
4845712,Violin
6452262,Piano
2086211,Piano
3544951,Piano
6449821,Piano
3525751,Piano
4113161,Piano
3028766,Piano
2189821,Piano
6305471,Piano
4048326,Piano
1630121,Piano
5109588,Piano
4351976,Piano
5871807,Piano
984831,Piano
6261807,Piano
6390452,Piano
4990889,Piano
5579626,Trombone
6318202,Piano
4087516,Piano
4858450,Piano
156764,Violin
1603616,Piano
5595109,Trumpet in b-flat
4496841,Piano
2498476,Piano
6254000,Piano
4818780,Piano
9162447,Piano
5523925,Piano
6003907,Piano
6300850,Piano
5394147,Piano
1100811,Clarinet in b-flat
4174521,Viola
4810872,Piano
5497267,Piano
5788117,Piano
2850956,Piano
1240166,Piano
1974706,Piano
6771810,Piano
6031912,Flute
5077352,Piano
5115497,Piano
1078466,Piano
5575191,Piano
3592421,Piano
6499352,Piano
75311,Piano
816451,Piano
5260397,Piano
4864386,Piano
5093688,Piano
4620391,Piano
4296251,Piano
6593161,Piano
5286987,Piano
1426031,Accordion
2030166,Piano
5364571,Piano
6522544,Piano
55757,Piano
935871,Piano
2904571,Piano
6303248,Piano
5594023,Piano
3241791,Piano
550601,Piano
5292764,Piano
6851587,Piano
5462494,Piano
5439790,Guitar
5661557,Piano
6368465,Piano
4826725,Violin
5193537,Piano
2582191,Piano
9575578,Piano
4905204,Piano
1451611,Piano
5541886,Piano
4553466,Piano
2573671,Flute
6210893,Piano
4833083,Piano
5845668,Piano
5701959,Piano
5062658,Piano
936706,Piano
4771051,Piano
6539841,Piano
7093474,Piano
3597821,Piano
48072,Piano
5052389,Piano
1382316,Piano
5093002,Piano
4392496,Piano
1078446,Piano
2839501,Piano
4836471,Piano
2052136,Piano
1450501,Piano
4881661,Piano
7944176,Piano
1366436,Piano
5008430,Piano
5267269,Piano
4117286,Piano
7021628,Piano
5530534,Piano
5100762,Piano
5237072,Piano
1091781,Strings group
5733014,Soprano
4837997,Piano
5027703,Piano
3158401,Piano
2773451,Piano
6107367,Piano
5285757,Piano
9131148,Piano
4422586,Piano
5157472,Piano
891176,Piano
6605581,Piano
5388854,Piano
3117296,Piano
7062244,Piano
644936,Violin
3815826,Piano
4866688,Piano
3986626,Piano
3104491,Piano
5287177,Piano
6771048,Piano
7790321,Piano
4086991,Clarinet in b-flat
379836,Piano
6559923,Piano
3510506,Piano
6529432,Piano
3659386,Piano
5644351,Piano
2925226,Piano
142060,Piano
1839366,Piano
4855057,Piano
6499472,Piano
6451997,Piano
6769091,Piano
7458092,Piano
6078161,Piano
4872246,Piano
5108015,Piano
6403234,Piano
5553858,Violin
5267041,Piano
2435486,Piano
1472126,Piano
2984271,Piano
5304302,Saxophone alto
6363642,Piano
5174392,Piano
6381291,Piano
6670660,Piano
2878316,Saxophone alto
4053926,Piano
3953221,Piano
2291201,Piano
7152777,Piano
1439901,Clarinet in b-flat
2284946,Piano
5058536,Piano
6676854,Piano
2291421,Piano
7081600,Piano
5141151,Piano
4796695,Saxophone alto
6402319,Violin
72961,Piano
2307631,Piano
6390160,Piano
4890545,Violin
5698279,Piano
3613411,Piano
7787399,Piano
4887140,Piano
6811642,Piano
3518901,Piano
4871882,Piano
5549919,Violin
4893620,Piano
2184946,Piano
5640358,Piano
7065305,Piano
3291171,Flute
4457001,Piano
4331181,Piano
5193993,Piano
6542862,Piano
6256214,Piano
3696376,Piano
68278,Piano
5855110,Piano
60578,Saxophone tenor
5402542,Piano
5198109,Saxophone alto
5478379,Piano
211671,Piano
5824206,Piano
5171003,Piano
5309434,Piano
5971218,Piano
5891048,Piano
4250486,Piano
5762856,Piano
6259956,Piano
6430031,Piano
1223091,Piano
7581731,Piano
5076861,Piano
326516,Piano
3872571,Piano
6782677,Piano
7946903,Piano
5585485,Piano
2673011,Piano
1461066,Violin
6283390,Piano
4989335,Piano
1635221,Piano
470396,Piano
3205376,Piano
6563367,Piano
4225396,Piano
5270217,Trombone
5587994,Piano
3702356,Piano
5706953,Piano
4810274,Piano
4354306,Piano
5307493,Piano
6245930,Piano
6356239,Piano
4811520,Piano
3129121,Piano
5141788,Piano
5672113,Piano
5550189,Piano
3647106,Piano
608511,Piano
5923185,Piano
7357025,Piano
1502981,Piano
5634303,Piano
517536,Piano
4879864,Piano
649716,Piano
5263031,Piano
5121540,Piano
4136111,Piano
1286471,Piano
3706601,Soprano
6433867,Piano
1304631,Piano
5368464,Piano
105343,Piano
5105348,Piano
155388,Piano
194437,Piano
1202501,Piano
5244260,Piano
2749626,Piano
6003417,Piano
6715153,Piano
5200517,Piano
6282670,Cello
2226041,Violin
5325688,Piano
5004571,Piano
219081,Piano
5308975,Piano
6023534,Piano
5282655,Piano
3350816,Piano
6383501,Piano
4098231,Piano
6462389,Piano
5226360,Piano
1936301,Trombone
4512381,Piano
6582428,Piano
5046681,Piano
1166136,Piano
194482,Piano
492771,Piano
4993435,Piano
3001356,Piano
5513641,Accordion
115967,Piano
4488746,Piano
5143134,Piano
5692852,Piano
5942075,Piano
3471446,Piano
1545401,Piano
7395425,Piano
2979086,Soprano
5231813,Piano
6408812,Piano
6813233,Piano
4814391,Piano
5934090,Trombone
6014563,Piano
6466630,Piano
6248051,Piano
5491166,Saxophone alto
5513412,Piano
5482857,Trombone
6270177,Trombone
4910730,Piano
5029778,Piano
6224478,Piano
6376624,Piano
5685822,Piano
7515920,Piano
4997558,Piano
5195370,Piano
5271023,Soprano
6354563,Piano
5618276,Piano
542551,Piano
4343751,Piano
5268304,Piano
5670777,Piano
2786806,Piano
1970386,Piano
4162051,Piano
6360574,Piano
118124,Piano
6941332,Piano
5398515,Piano
1932986,Piano
5678811,Guitar
6533288,Piano
1587116,Piano
4881448,Violin
5087271,Piano
1241911,Piano
5227592,Piano
101958,Piano
2191056,Saxophone alto
5944354,Piano
500596,Violin
6410822,Piano
1407296,Piano
5535580,Piano
6324428,Piano
61445,Piano
1623811,Piano
4811536,Piano
6662904,Piano
4448396,Piano
4933722,Piano
6355002,Piano
5887903,Piano
189966,Piano
4329021,Piano
6001974,Piano
5704841,Drum group
2451071,SATB
5056047,Piano
138074,Marimba
6960508,Piano
5471160,Piano
1986451,Piano
8192093,Piano
53995,Flute
1023241,Piano
6253695,Piano
3266761,Piano
5134956,Piano
5285338,Piano
5353313,Piano
6471795,Piano
2119261,Piano
6242855,Violin
5316979,Piano
4590646,Piano
6825611,Piano
4900820,Piano
5779552,Piano
4818726,Piano
5011109,Piano
4220496,Cello
4810446,Piano
5111068,Violin
4257251,Piano
5144174,Piano
5268860,Trumpet in b-flat
169459,Piano
2086216,Piano
5654326,Violin
6457690,Piano
3063081,Piano
2855611,Piano
3748381,Piano
1478041,Piano
4450806,Violin
6565436,Violin
5585661,Piano
5644401,Piano
4355526,Harpsichord
4436386,Piano
4901700,Trombone
5162790,Piano
5543676,Piano
1585776,Clarinet in b-flat
5567214,Piano
6391532,Piano
6187402,Piano
5421848,Piano
3329461,Piano
6642763,Piano
6246090,Piano
5535654,Piano
5537228,Piano
6518182,Piano
78674,Piano
5028696,Piano
127045,Piano
6995442,Piano
1409246,Piano
21060,Piano
4868766,Piano
6032437,Piano
5925102,Piano
5949383,Piano
50457,Piano
400411,Bass guitar
4900595,Piano
2704541,Piano
168611,Piano
180394,Piano
5589297,Piano
231261,Piano
6601793,Piano
5788661,Piano
5705104,Piano
4287726,Soprano
1936156,Piano
4230511,Piano
5671877,Piano
6317909,Piano
1301546,Piano
3863046,Violin
6967147,Piano
5738940,Piano
5619709,Piano
7805150,Piano
6033252,Piano
5334335,Piano
5375226,Piano
3502161,Piano
505506,Piano
633296,Piano
1497326,Piano
4854776,Piano
5334454,Piano
5432871,Piano
102248,Piano
3669561,Violin
6573123,Piano
5378005,Piano
4120661,Piano
5591180,Flute
756526,Strings group
5276778,Piano
6672277,Piano
6699826,Piano
3848401,Piano
6667818,Piano
6866423,Piano
90702,Violin
529121,Piano
5849868,Piano
4666431,Piano
2550651,Piano
449086,Trombone
8812008,Piano
6258043,Piano
1605161,Piano
5683005,Piano
5246959,Piano
5336314,Piano
6088143,Piano
4656981,Piano
4811958,Piano
5487976,Piano
8672190,Piano
6258104,Piano
6901454,Piano
5290807,Piano
71650,Piano
6070519,Piano
6154092,Piano
3795071,Piano
4183626,Trumpet in b-flat
5741240,Piano
6290722,Piano
3632791,Piano
6132175,Piano
5672702,Piano
1367751,Piano
2051921,Violin
5615868,Piano
3941166,Piano
5136919,Piano
5444619,Piano
6784877,Piano
6422891,Piano
6160895,Piano
5429697,Piano
6243233,Piano
5193404,Piano
6772491,Piano
830436,Saxophone alto
2418086,Saxophone alto
5470001,Piano
4639861,Piano
5815328,Piano
5109166,Piano
3058166,Violin
2877436,Piano
2870526,Trumpet in b-flat
4513691,Piano
143819,Piano
2369091,Trombone tenor
7153203,Piano
1732376,Piano
3480721,Piano
6692884,Piano
5590901,Piano
4512,Piano
3237171,Piano
6282282,Piano
5152174,Piano
5196171,Piano
5259533,Soprano
4177661,Contrabass
5687387,Piano
5082405,Piano
3665556,Trumpet in b-flat
2096011,Piano
6373067,Piano
7307108,Piano
4951565,Piano
1137111,Piano
5356318,Piano
6113626,Piano
1879061,Piano
3820846,Drum group
5866563,Piano
9144624,Piano
5254985,Guitar
662836,Trombone
6092859,Piano
3173666,Piano
5068762,Piano
5177905,Piano
6594715,Piano
6880784,Trombone
1351686,Viola
1906516,Piano
4942207,Piano
4263826,Piano
5388669,Piano
2736606,Trombone
4875944,Piano
5399962,Saxophone alto
5625623,Piano
3770341,Piano
2935906,Piano
2776946,Violin
5672425,Piano
3635941,Piano
5052568,Piano
881976,Piano
288811,Piano
4068886,Piano
359836,Piano
2826966,Piano
6463774,Piano
5177752,Piano
5916802,Piano
6490908,Piano
4077566,Piano
5847891,Piano
6894057,Piano
3582936,Piano
6288760,Piano
5367340,Piano
4828582,Piano
1206896,Piano
8330651,Piano
3945831,Piano
3366501,Piano
6303440,Piano
5981677,Piano
175968,Piano
5497437,Accordion
1750271,Piano
5652916,Piano
65792,Piano
2878011,Trombone
97866,Woodwinds (other)
4798318,Piano
5063369,Tuba
730856,Piano
6180529,Piano
8772048,Piano
1871836,Piano
4178456,Piano
5015236,Piano
4679936,Piano
1454091,Piano
5051761,Piano
6491030,Piano
5362319,Piano
5607954,Piano
6609389,Piano
5282896,Piano
5862889,Piano
675591,Piano
8090511,Piano
1322981,Piano
95366,Bass guitar
4609496,Piano
6460266,Piano
6674915,Piano
6268159,Piano
6820197,Piano
5942924,Piano
4987921,Piano
4416386,Piano
968646,Piano
3583956,Piano
5289334,Piano
58882,Piano
4933384,Trombone
1140891,Piano
4559691,Piano
7020425,Piano
183427,Piano
6869808,Piano
4974773,Piano
3545836,Piano
5934863,Piano
6810218,Piano
6274321,Piano
6289291,Piano
5490785,Violin
7714247,Piano
6532616,Piano
4357826,Piano
5863192,Piano
5489821,Piano
4588211,Viola
5446742,Soprano
5215854,Piano
4664146,Piano
5131763,Piano
5149814,Violin
4222281,Piano
5099491,Piano
5292600,Piano
5363445,Piano
3619706,Piano
559806,Piano
4461921,Violin
3995021,Violin
4997485,Piano
201476,Piano
6803889,Piano
8612264,Piano
4999780,Piano
1464221,Piano
4889288,Piano
6879438,Piano
2129591,Violin
2878086,Saxophone alto
5410781,Accordion
5669241,Piano
6419799,Piano
2399196,Violin
5178291,Piano
6856623,Piano
5607912,Piano
6107900,Piano
1665831,Trombone
7026651,Piano
1059696,Piano
3216866,Piano
6660623,Piano
5018079,Piano
6021655,Piano
6123819,Piano
4922485,Piano
5294331,Piano
6167724,Piano
6492934,Piano
952236,Piano
1243801,Piano
5095297,Piano
4778176,Piano
4097261,Piano
5006816,Piano
530576,Piano
6253446,Piano
4792088,Piano
6797094,Piano
5253665,Piano
8049645,Piano
970761,Piano
5333841,Piano
6376991,Piano
6496011,Piano
5147062,Piano
5497277,Piano
6020624,Piano
4524791,Piano
2960456,Piano
5051765,Piano
2207681,Piano
5347261,Piano
6612194,Piano
3671611,Piano
1558591,Piano
5813667,Flute
7118678,Piano
6696196,Piano
3694896,Piano
1964861,Flute
3293936,Piano
3248376,Piano
4992324,Piano
5370204,Violin
5305991,Piano
161981,Piano
57518,Piano
4841156,Piano
3586921,Cello
5841437,Piano
6414242,Trombone
3826491,Organ
511771,Piano
3012741,Piano
4962397,Piano
5161146,Piano
2603291,Piano
33718,Strings group
67216,Piano
1562651,Piano
4788682,Piano
1550861,Piano
5915832,Piano
650911,Piano
6206041,Piano
4162916,Piano
6110883,Piano
5175486,Piano
4041,Guitar
2984906,Piano
6055555,Piano
6201568,Piano
6040516,Piano
6264862,Piano
4828006,Piano
6671499,Piano
4348586,Piano
5057312,Piano
6634048,Piano
3254656,Violin
4866493,Piano
5286801,Piano
8401281,Piano
191220,Piano
167583,Piano
3676146,Piano
7431032,Piano
5335096,Piano
4829866,Piano
6361034,Piano
4998268,Piano
5144713,Piano
8919354,Piano
2448311,Piano
6337061,Piano
1633771,Violin
4128096,Piano
5655850,Piano
6245314,Flugelhorn
6648344,Trombone
4821878,Piano
5520652,Piano
4788704,Piano
4548071,Piano
4873485,Piano
1499516,Piano
6450580,Piano
5002252,Trombone
5886140,Piano
423481,Violin
2887096,Piano
1429131,Piano
6479083,Piano
5100571,Piano
6450070,Piano
5848908,Piano
5470730,Piano
5626702,Piano
3701536,Piano
3898836,Trombone
3819361,Guitar
5373866,Piano
5186176,Piano
6290166,Piano
2713171,Snare drum
3113556,Piano
726591,Piano
5590536,Piano
5549583,Piano
7349204,Piano
2402031,Violin
5054890,Guitar
4128206,Saxophone tenor
5052388,Piano
6103374,Piano
754776,Piano
5582096,Piano
6097884,Piano
5345775,Piano
4358616,Piano
5125937,Piano
6036609,Piano
5272414,Piano
5980339,Piano
6312901,Piano
1556676,Piano
6270584,Piano
6864978,Drum group
2484196,Violin
5626667,Piano
5642975,Piano
5961358,Piano
6388925,Piano
1353216,Piano
4731076,Piano
2912321,Piano
3123436,Piano
6698508,Piano
8664423,Piano
5848402,Trombone
6218956,Piano
6319019,Violin
1460071,Piano
6301753,Piano
3241701,Piano
5437385,Piano
5905770,Piano
2971961,Soprano
6174631,Piano
125731,Piano
205736,Harpsichord
5367341,Piano
2555926,Piano
5187712,Piano
5694950,Piano
1799266,Viola
5001569,Piano
5328244,Piano
179622,Piano
4453546,Violin
6711182,Piano
1149426,Violin
4408941,Piano
5801576,Piano
5128800,Saxophone alto
6030329,Piano
6578774,Piano
5880305,Trombone
1609416,Piano
2212086,Piano
3626661,Piano
6351272,Trombone
1039041,Piano
6558104,Flute
1240891,Saxophone alto
5513326,Violin
6460972,Piano
4817458,Guitar
103144,Vocals
5261042,Piano
7066915,Piano
286846,Piano
879191,Accordion
161957,Piano
5839868,Piano
3450341,Piano
4873215,Piano
5196514,Piano
5297880,Piano
4908130,Piano
1133516,Piano
4793799,Piano
5671499,Piano
2421176,Piano
6282295,Piano
8610023,Piano
6290314,Piano
6362049,Piano
651096,Piano
5499410,Piano
6448109,Piano
4835922,Piano
5716359,Piano
6624747,Piano
5354345,Piano
6687994,Piano
116128,Piano
1465766,Violin
4899848,Guitar
44152,Piano
5554312,Violin
6177451,Piano
2738006,Trombone
5160438,Piano
5503179,Piano
6428116,Piano
6491323,Piano
397171,Piano
2843526,Piano
6098854,Piano
4692026,Piano
5562388,Piano
6244267,Piano
103126,Piano
7091509,Piano
4905420,Piano
3540786,Piano
4581766,Piano
5608204,Trumpet in b-flat
6390282,Piano
6392827,Piano
3378576,Piano
5217929,Piano
5233424,Soprano
5588586,Piano
6585268,Piano
5262237,Piano
55054,Piano
4991584,Piano
5552151,Piano
216956,Piano
5645263,Piano
8663811,Piano
4544506,Piano
5727494,Piano
1563166,Piano
5199833,Saxophone alto
4178541,Violin
6342203,Piano
3020,Drum group
4601656,Piano
6266942,Piano
760916,Piano
5155506,Piano
6300556,Piano
5320866,Violin
5543679,Piano
6356257,Piano
2722751,Piano
6630648,Piano
3174166,Piano
92367,Violin
6380432,Piano
6476046,Piano
1658976,Piano
5686282,Piano
6548750,Piano
257161,Piano
4233001,Piano
5463264,Piano
5999678,Piano
6910214,Piano
5731519,Piano
6382131,Piano
1800506,Piano
5348175,Piano
5349559,Flute
2474426,Piano
6185476,Piano
7600697,Piano
5188169,Piano
6350578,Piano
2576381,Piano
5094525,Piano
5459754,Piano
8192159,Piano
6403774,Piano
5855801,Piano
1053726,Piano
1328576,Trombone
2749166,Piano
6266322,Piano
6325864,Piano
6065236,Piano
2309776,Piano
5179301,Piano
5851324,Piano
5046937,Piano
6443712,Piano
4821612,Piano
4884914,Cello
5327469,Piano
5937706,Piano
4830495,Piano
4874701,Piano
529161,Piano
6017258,Piano
4952001,Piano
5108847,Piano
5282243,Piano
6374001,Piano
6569300,Piano
5452340,Piano
6124587,Piano
112955,Piano
1443876,Soprano
1854251,Piano
5357609,Piano
7003985,Piano
6167776,Piano
6489358,Trombone
5209288,Piano
6585977,Piano
6670038,Piano
581381,Flute
4303041,Piano
2816016,Piano
4867525,Piano
5077553,Piano
6897953,Piano
6265072,Piano
4845384,Piano
635941,Piano
5496831,Flute
2478446,Guitar
839546,Flute
5422442,Guitar
171373,Piano
5296020,Piano
5588565,Piano
7677896,Piano
6525133,Piano
6799818,Piano
119691,Piano
1688971,Piano
6421432,Piano
1780551,Piano
6021611,Piano
4505106,Piano
4982984,Organ
6384400,Piano
6536604,Tuba
5668993,Piano
6526992,Piano
6144002,Piano
6550946,Piano
5229922,Piano
6240758,Piano
72613,Piano
1058496,Piano
3197151,Flute
2168886,Piano
6222185,Piano
6698705,Piano
4687811,Piano
3716956,Piano
6046205,Violin
2209826,Piano
3285041,Violin
6400488,Piano
1518486,Piano
5470586,Piano
721521,Piano
4608996,Piano
5260233,Piano
5434766,Saxophone alto
62646,Piano
142961,Piano
5062773,Piano
4828686,Piano
6627083,Piano
1880946,Flute
5444009,Cello
5681815,Piano
2590566,Piano
7076695,Piano
194248,Saxophone alto
2633711,Piano
4145221,Cornet
7330571,Piano
5172370,Piano
5382356,Violin
6647024,Violin
2737121,Trombone
6294482,Piano
4580016,Piano
4865964,Piano
6089373,Piano
6259320,Piano
5914051,Piano
8988956,Piano
5640315,Piano
4801925,Piano
3164791,Piano
2579421,Piano
5084245,Violin
3355521,Piano
4929172,Piano
6300723,Piano
5246403,Piano
6702833,Piano
2099366,Piano
4801031,Piano
3394236,Piano
4980566,Piano
4998475,Piano
4141356,Piano
4156461,Violin
6814123,Piano
3433726,Piano
5926850,Piano
7289177,Piano
81183,Piano
87402,Piano
6027361,Piano
6222842,Piano
74298,Piano
4356596,Trumpet in b-flat
5536189,Piano
833851,Piano
3949096,Piano
3158561,Piano
4866772,Piano
5857259,Piano
4470721,Piano
5183742,Piano
1455951,Piano
5648677,Piano
961121,Piano
4493676,Trumpet in b-flat
8208857,Piano
948991,Piano
5266856,Piano
6095109,Piano
6136169,Piano
5739786,Piano
6231309,Piano
2008481,Piano
5021653,Piano
5247455,Soprano
7706795,Piano
3481596,Piano
5497288,Piano
7784966,Piano
293666,Violin
1853611,Piano
6363066,Violin
1494541,Piano
2060411,Piano
5027545,Violin
2772181,Saxophone alto
6710521,Piano
5939854,Piano
4311871,Piano
5154106,Flute
6339200,Piano
1755641,Piano
5331497,Piano
6342655,Piano
1570901,Piano
5494862,Piano
6732206,Piano
91942,Piano
5607410,Piano
7254879,Piano
6279281,Piano
6557478,Piano
131461,Piano
1283886,Piano
5636120,Piano
1506861,Trombone
6391952,Piano
5516852,Saxophone alto
6782724,Piano
5602522,Cello
6206415,Piano
5435987,Clarinet in b-flat
5654726,Piano
5670772,Piano
5143903,Bass guitar
5558265,Saxophone alto
10367578,Piano
895466,Violin
6224057,Piano
5563700,Piano
5467064,Piano
5753705,Piano
6273395,Piano
6645842,Piano
122446,Piano
1078441,Flute
3229306,Piano
4879769,Violin
39881,Violin
4186291,Piano
5931436,Drum group
5213736,Piano
6357060,Piano
6690686,Piano
3739996,Piano
5255481,Piano
759996,Piano
5653854,Piano
6817377,Piano
3865286,Piano
6359957,Piano
7388483,Violin
1685826,Piano
6887558,Piano
2011731,Piano
5354270,Piano
166259,Violin
5015622,Piano
6317887,Piano
748011,Piano
3456331,Piano
1491061,Piano
4883347,Violin
4509391,Piano
5923720,Piano
6292362,Piano
498331,Piano
6531980,Piano
648766,Piano
757001,Piano
5004943,Piano
5119837,Violin
6212128,Piano
4883752,Saxophone alto
4766136,Piano
4926407,Piano
5087038,Piano
